{"cameraMode":{"drawMode":0,"name":"Shaded","section":"Shading Mode"},"sceneLighting":true,"audioPlay":false,"sceneViewState":{"showFog":false,"showMaterialUpdate":false,"showSkybox":false,"showFlares":false,"showImageEffects":false,"showParticleSystems":true},"in2DMode":false,"pivot":{"x":-6.755377769470215,"y":5.312851428985596,"z":-0.7699163556098938},"rotation":{"x":0.14944149553775788,"y":-0.06365866959095001,"z":0.009610253386199475,"w":0.9866724610328674},"size":9.385775566101075,"orthographic":false}