{"cameraMode":{"drawMode":0,"name":"Shaded","section":"Shading Mode"},"sceneLighting":true,"audioPlay":false,"sceneViewState":{"showFog":true,"showMaterialUpdate":false,"showSkybox":true,"showFlares":true,"showImageEffects":true,"showParticleSystems":true},"in2DMode":false,"pivot":{"x":-6.974449157714844,"y":17.554676055908204,"z":-5.313835144042969},"rotation":{"x":-0.14377756416797639,"y":0.7428061962127686,"z":-0.16907989978790284,"w":-0.6316479444503784},"size":68.01448059082031,"orthographic":false}