{"cameraMode":{"drawMode":0,"name":"Shaded","section":"Shading Mode"},"sceneLighting":false,"audioPlay":false,"sceneViewState":{"showFog":true,"showMaterialUpdate":false,"showSkybox":true,"showFlares":true,"showImageEffects":true,"showParticleSystems":true},"in2DMode":false,"pivot":{"x":-0.024820774793624879,"y":0.8219118118286133,"z":4.166751384735107},"rotation":{"x":0.26209279894828799,"y":0.011300470679998398,"z":-0.0030689453706145288,"w":0.964971661567688},"size":2.3790361881256105,"orthographic":false}