{"cameraMode":{"drawMode":0,"name":"Shaded","section":"Shading Mode"},"sceneLighting":false,"audioPlay":false,"sceneViewState":{"showFog":true,"showMaterialUpdate":false,"showSkybox":true,"showFlares":true,"showImageEffects":true,"showParticleSystems":true},"in2DMode":false,"pivot":{"x":-0.5600000023841858,"y":1.694000005722046,"z":9.36400032043457},"rotation":{"x":-0.4187193512916565,"y":0.25474590063095095,"z":-0.12365470081567764,"w":-0.8628372550010681},"size":4.850711822509766,"orthographic":true}