{"cameraMode":{"drawMode":0,"name":"Shaded","section":"Shading Mode"},"sceneLighting":true,"audioPlay":false,"sceneViewState":{"showFog":true,"showMaterialUpdate":false,"showSkybox":true,"showFlares":true,"showImageEffects":true,"showParticleSystems":true},"in2DMode":false,"pivot":{"x":51.456932067871097,"y":-4.333209991455078,"z":122.08624267578125},"rotation":{"x":0.2922733426094055,"y":0.6694662570953369,"z":-0.3261450529098511,"w":0.600017249584198},"size":56.494293212890628,"orthographic":false}