{"cameraMode":{"drawMode":0,"name":"Shaded","section":"Shading Mode"},"sceneLighting":false,"audioPlay":false,"sceneViewState":{"showFog":true,"showMaterialUpdate":false,"showSkybox":true,"showFlares":true,"showImageEffects":true,"showParticleSystems":true},"in2DMode":false,"pivot":{"x":68.95999908447266,"y":0.765255868434906,"z":64.25},"rotation":{"x":-0.37016087770462038,"y":0.37633323669433596,"z":-0.16710063815116883,"w":-0.8327253460884094},"size":7.580419540405273,"orthographic":true}