{"cameraMode":{"drawMode":0,"name":"Shaded","section":"Shading Mode"},"sceneLighting":false,"audioPlay":false,"sceneViewState":{"showFog":true,"showMaterialUpdate":false,"showSkybox":true,"showFlares":true,"showImageEffects":true,"showParticleSystems":true},"in2DMode":false,"pivot":{"x":-0.002468198537826538,"y":2.8836750984191896,"z":24.65460205078125},"rotation":{"x":-0.177866593003273,"y":-0.7129852771759033,"z":0.19527070224285127,"w":-0.6495266556739807},"size":14.457954406738282,"orthographic":false}