{"cameraMode":{"drawMode":0,"name":"Shaded","section":"Shading Mode"},"sceneLighting":false,"audioPlay":false,"sceneViewState":{"showFog":true,"showMaterialUpdate":false,"showSkybox":true,"showFlares":true,"showImageEffects":true,"showParticleSystems":true},"in2DMode":false,"pivot":{"x":-0.9729325771331787,"y":0.3181477189064026,"z":43.0620002746582},"rotation":{"x":0.11324330419301987,"y":-0.8444023728370667,"z":0.1969817876815796,"w":0.48513779044151308},"size":7.58042573928833,"orthographic":true}