{"cameraMode":{"drawMode":0,"name":"Shaded","section":"Shading Mode"},"sceneLighting":false,"audioPlay":false,"sceneViewState":{"showFog":true,"showMaterialUpdate":false,"showSkybox":true,"showFlares":true,"showImageEffects":true,"showParticleSystems":true},"in2DMode":false,"pivot":{"x":0.0,"y":3.3305912017822267,"z":1.6033391952514649},"rotation":{"x":-0.4480239450931549,"y":0.021178580820560457,"z":-0.01059606485068798,"w":-0.8937079310417175},"size":14.084229469299317,"orthographic":true}