{"cameraMode":{"drawMode":0,"name":"Shaded","section":"Shading Mode"},"sceneLighting":false,"audioPlay":false,"sceneViewState":{"showFog":true,"showMaterialUpdate":false,"showSkybox":true,"showFlares":true,"showImageEffects":true,"showParticleSystems":true},"in2DMode":false,"pivot":{"x":-0.006365635432302952,"y":3.5881335735321047,"z":-0.2969779968261719},"rotation":{"x":-0.036809924989938739,"y":-0.8263971209526062,"z":0.0543891042470932,"w":-0.559244692325592},"size":5.483838081359863,"orthographic":false}