{"cameraMode":{"drawMode":0,"name":"Shaded","section":"Shading Mode"},"sceneLighting":true,"audioPlay":false,"sceneViewState":{"showFog":false,"showMaterialUpdate":false,"showSkybox":false,"showFlares":false,"showImageEffects":false,"showParticleSystems":true},"in2DMode":false,"pivot":{"x":-4.09303092956543,"y":8.735901832580567,"z":-2.518695116043091},"rotation":{"x":0.23946237564086915,"y":0.38570573925971987,"z":-0.10444740206003189,"w":0.884861409664154},"size":18.47005844116211,"orthographic":false}