{"cameraMode":{"drawMode":0,"name":"Shaded","section":"Shading Mode"},"sceneLighting":false,"audioPlay":false,"sceneViewState":{"showFog":false,"showMaterialUpdate":false,"showSkybox":false,"showFlares":false,"showImageEffects":false,"showParticleSystems":true},"in2DMode":false,"pivot":{"x":1.3978495597839356,"y":1.991685390472412,"z":1.7831649780273438},"rotation":{"x":0.1720973402261734,"y":-0.8138182163238525,"z":0.2996373474597931,"w":0.4672257900238037},"size":30.670452117919923,"orthographic":false}