{"cameraMode":{"drawMode":0,"name":"Shaded","section":"Shading Mode"},"sceneLighting":false,"audioPlay":false,"sceneViewState":{"showFog":false,"showMaterialUpdate":false,"showSkybox":false,"showFlares":false,"showImageEffects":false,"showParticleSystems":true},"in2DMode":false,"pivot":{"x":0.046714529395103458,"y":2.85774564743042,"z":-7.469252586364746},"rotation":{"x":-0.2016768604516983,"y":-0.26199808716773989,"z":0.056165218353271487,"w":-0.9420875310897827},"size":3.187093496322632,"orthographic":false}