{"cameraMode":{"drawMode":0,"name":"Shaded","section":"Shading Mode"},"sceneLighting":false,"audioPlay":false,"sceneViewState":{"showFog":false,"showMaterialUpdate":false,"showSkybox":false,"showFlares":false,"showImageEffects":false,"showParticleSystems":true},"in2DMode":false,"pivot":{"x":-3.7732133865356447,"y":2.3977344036102297,"z":-2.851461410522461},"rotation":{"x":-0.05978246033191681,"y":-0.8729833960533142,"z":0.11089597642421723,"w":-0.471198707818985},"size":2.9123597145080568,"orthographic":false}