{"cameraMode":{"drawMode":0,"name":"Shaded","section":"Shading Mode"},"sceneLighting":false,"audioPlay":false,"sceneViewState":{"showFog":false,"showMaterialUpdate":false,"showSkybox":false,"showFlares":false,"showImageEffects":false,"showParticleSystems":true},"in2DMode":false,"pivot":{"x":0.24258345365524293,"y":4.579999923706055,"z":2.190000057220459},"rotation":{"x":0.6130278706550598,"y":-0.2256310135126114,"z":0.18862561881542207,"w":0.733285665512085},"size":4.001037120819092,"orthographic":false}