{"cameraMode":{"drawMode":0,"name":"Shaded","section":"Shading Mode"},"sceneLighting":false,"audioPlay":false,"sceneViewState":{"showFog":false,"showMaterialUpdate":false,"showSkybox":false,"showFlares":false,"showImageEffects":false,"showParticleSystems":true},"in2DMode":false,"pivot":{"x":-5.199330806732178,"y":2.3399996757507326,"z":-21.63943862915039},"rotation":{"x":-0.19709178805351258,"y":-0.6829947233200073,"z":0.1997183859348297,"w":-0.6743780374526978},"size":21.865558624267579,"orthographic":false}