{"cameraMode":{"drawMode":0,"name":"Shaded","section":"Shading Mode"},"sceneLighting":false,"audioPlay":false,"sceneViewState":{"showFog":false,"showMaterialUpdate":false,"showSkybox":false,"showFlares":false,"showImageEffects":false,"showParticleSystems":true},"in2DMode":false,"pivot":{"x":-1.4035558700561524,"y":1.7105016708374024,"z":-21.791961669921876},"rotation":{"x":0.06937254220247269,"y":0.35735735297203066,"z":-0.026733295992016794,"w":0.9310040473937988},"size":9.344783782958985,"orthographic":false}