{"cameraMode":{"drawMode":0,"name":"Shaded","section":"Shading Mode"},"sceneLighting":true,"audioPlay":false,"sceneViewState":{"showFog":false,"showMaterialUpdate":false,"showSkybox":false,"showFlares":false,"showImageEffects":false,"showParticleSystems":true},"in2DMode":false,"pivot":{"x":-4.635617256164551,"y":-0.6417882442474365,"z":-27.60661506652832},"rotation":{"x":-0.1205323189496994,"y":-0.32231780886650088,"z":0.041479479521512988,"w":-0.9380099773406982},"size":2.840735673904419,"orthographic":false}