{"cameraMode":{"drawMode":0,"name":"Shaded","section":"Shading Mode"},"sceneLighting":false,"audioPlay":false,"sceneViewState":{"showFog":false,"showMaterialUpdate":false,"showSkybox":false,"showFlares":false,"showImageEffects":false,"showParticleSystems":true},"in2DMode":false,"pivot":{"x":-7.729999542236328,"y":0.7899999618530273,"z":-42.09000015258789},"rotation":{"x":0.00458553247153759,"y":0.9789473414421082,"z":-0.20284491777420045,"w":0.02224927581846714},"size":5.294006824493408,"orthographic":false}