{"cameraMode":{"drawMode":0,"name":"Shaded","section":"Shading Mode"},"sceneLighting":false,"audioPlay":false,"sceneViewState":{"showFog":false,"showMaterialUpdate":false,"showSkybox":false,"showFlares":false,"showImageEffects":false,"showParticleSystems":true},"in2DMode":false,"pivot":{"x":-0.045595258474349979,"y":0.24359416961669923,"z":2.0214717388153078},"rotation":{"x":-0.12139882147312164,"y":0.7545682787895203,"z":-0.14572051167488099,"w":-0.628215491771698},"size":17.371055603027345,"orthographic":false}