{"cameraMode":{"drawMode":0,"name":"Shaded","section":"Shading Mode"},"sceneLighting":false,"audioPlay":false,"sceneViewState":{"showFog":false,"showMaterialUpdate":false,"showSkybox":false,"showFlares":false,"showImageEffects":false,"showParticleSystems":true},"in2DMode":false,"pivot":{"x":0.607001781463623,"y":0.22476577758789063,"z":-9.988943099975586},"rotation":{"x":-0.20147676765918733,"y":0.7808444499969482,"z":-0.3135434687137604,"w":-0.5013777017593384},"size":4.582568168640137,"orthographic":false}