{"cameraMode":{"drawMode":0,"name":"Shaded","section":"Shading Mode"},"sceneLighting":false,"audioPlay":false,"sceneViewState":{"showFog":false,"showMaterialUpdate":false,"showSkybox":false,"showFlares":false,"showImageEffects":false,"showParticleSystems":true},"in2DMode":false,"pivot":{"x":0.0,"y":3.5778133869171144,"z":-0.29999998211860659},"rotation":{"x":0.14218515157699586,"y":0.6102901101112366,"z":-0.11265326291322708,"w":0.7711281776428223},"size":4.850712299346924,"orthographic":false}