{"cameraMode":{"drawMode":0,"name":"Shaded","section":"Shading Mode"},"sceneLighting":true,"audioPlay":false,"sceneViewState":{"showFog":false,"showMaterialUpdate":false,"showSkybox":false,"showFlares":false,"showImageEffects":false,"showParticleSystems":true},"in2DMode":false,"pivot":{"x":-4.56662130355835,"y":1.4073333740234376,"z":7.832538604736328},"rotation":{"x":0.08906036615371704,"y":-0.13404588401317597,"z":0.01209612563252449,"w":0.9868909120559692},"size":19.563087463378908,"orthographic":false}