{"cameraMode":{"drawMode":0,"name":"Shaded","section":"Shading Mode"},"sceneLighting":false,"audioPlay":false,"sceneViewState":{"showFog":false,"showMaterialUpdate":false,"showSkybox":false,"showFlares":false,"showImageEffects":false,"showParticleSystems":true},"in2DMode":false,"pivot":{"x":4.4596476554870609,"y":0.16517868638038636,"z":4.162468910217285},"rotation":{"x":-0.001180244260467589,"y":0.12543058395385743,"z":0.00011131631617899984,"w":0.9921017289161682},"size":6.732396602630615,"orthographic":false}