{"cameraMode":{"drawMode":0,"name":"Shaded","section":"Shading Mode"},"sceneLighting":true,"audioPlay":false,"sceneViewState":{"showFog":true,"showMaterialUpdate":true,"showSkybox":true,"showFlares":true,"showImageEffects":true,"showParticleSystems":true},"in2DMode":false,"pivot":{"x":1.7944526672363282,"y":4.3800506591796879,"z":-7.193551063537598},"rotation":{"x":0.0902593657374382,"y":-0.2998999059200287,"z":0.028545357286930085,"w":0.9492620825767517},"size":9.120184898376465,"orthographic":false}